Date,XLP/XLU,XLP/XLV,XLB/XLV
2019-06-20,0.0,0.0,0.0
2019-06-21,-0.0,-0.0,-0.0
2019-06-24,0.0,0.0,0.0
2019-06-25,0.0,0.0,0.0
2019-06-26,0.0,-0.0,0.0
2019-06-27,-0.0,-0.0,-0.0
2019-06-28,-0.0,-0.0,0.0
2019-07-01,0.0,0.0,0.0
2019-07-02,-0.0,0.0,-0.0
2019-07-03,0.0,0.0,-0.0
2019-07-05,-0.0,-0.0,0.0
2019-07-08,-0.0,0.0,-0.0
2019-07-09,-0.0,-0.0,-0.0
2019-07-10,0.0,0.0,0.0
2019-07-11,0.0,0.0,0.0
2019-07-12,0.0,0.0,0.0
2019-07-15,-0.0,-0.0,-0.0
2019-07-16,0.0,0.0,0.0
2019-07-17,-0.0,-0.0,-0.0
2019-07-18,-0.0,-0.0,0.0
2019-07-19,0.0,0.0,0.0
2019-07-22,-0.0,-0.0,-0.0
2019-07-23,0.0,0.0,0.0
2019-07-24,-0.0,-0.0,-0.0
2019-07-25,0.0,0.0,-0.0
2019-07-26,0.0,0.0,-0.0
2019-07-29,-0.0,-0.0,-0.0
2019-07-30,0.0,0.0,0.0
2019-07-31,-0.0,-0.0,-0.0
2019-08-01,-0.0,-0.0,-0.0
2019-08-02,0.0,0.0,-0.0
2019-08-05,-0.0,-0.0,0.0
2019-08-06,-0.0,0.0,-0.0
2019-08-07,0.0,0.0,0.0
2019-08-08,0.0,-0.0,0.0
2019-08-09,-0.0,-0.0,-0.0
2019-08-12,-0.0,0.0,-0.0
2019-08-13,0.0,-0.0,0.0
2019-08-14,-0.0,0.0,-0.0
2019-08-15,0.0,0.0,0.0
2019-08-16,0.0,-0.0,0.0
2019-08-19,0.0,-0.0,0.0
2019-08-20,-0.0,-0.0,-0.0
2019-08-21,-0.0,-0.0,0.0
2019-08-22,0.0,0.0,-0.0
2019-08-23,-0.0,0.0,-0.0
2019-08-26,0.0,-0.0,-0.0
2019-08-27,-0.0,-0.0,0.0
2019-08-28,0.0,0.0,0.0
2019-08-29,-0.0,-0.0,0.0
2019-08-30,-0.0,-0.0,0.0
2019-09-03,-0.0,0.0,-0.0
2019-09-04,0.0,0.0,0.0
2019-09-05,0.0,-0.0,-0.0
2019-09-06,0.0,0.0,0.0
2019-09-09,0.0,0.0,0.0
2019-09-10,-0.0,-0.0,0.0
2019-09-11,-0.0,-0.0,-0.0
2019-09-12,0.0,0.0,0.0
2019-09-13,0.0,-0.0,0.0
2019-09-16,-0.0,-0.0,-0.0
2019-09-17,-0.0,0.0,0.0
2019-09-18,0.0,0.0,-0.0
2019-09-19,-0.0,-0.0,-0.0
2019-09-20,-0.0,-0.0,-0.0
2019-09-23,0.0,0.0,0.0
2019-09-24,-0.0,0.0,-0.0
2019-09-25,0.0,0.0,0.0
2019-09-26,0.0,0.0,-0.0
2019-09-27,0.0,-0.0,-0.0
2019-09-30,0.0,-0.0,0.0
2019-10-01,-0.0,0.0,-0.0
2019-10-02,-0.0,-0.0,-0.0
2019-10-03,0.0,-0.0,0.0
2019-10-04,-0.0,0.0,-0.0
2019-10-07,-0.0,-0.0,0.0
2019-10-08,0.0,0.0,0.0
2019-10-09,0.0,-0.0,0.0
2019-10-10,0.0,-0.0,0.0
2019-10-11,0.0,-0.0,0.0
2019-10-14,0.0,-0.0,-0.0
2019-10-15,-0.0,-10.0,-0.0
2019-10-16,-0.0,75.55003066024746,0.0
2019-10-17,0.0,21.96626932156054,-0.0
2019-10-18,-0.0,51.0951312620589,0.0
2019-10-21,-0.0,0.0,-0.0
2019-10-22,-0.0,-0.0,-0.0
2019-10-23,0.0,-0.0,0.0
2019-10-24,0.0,0.0,0.0
2019-10-25,0.0,-0.0,0.0
2019-10-28,0.0,-0.0,-0.0
2019-10-29,-0.0,-10.0,-0.0
2019-10-30,-0.0,44.675172084329695,-0.0
2019-10-31,-0.0,28.507359368208363,-0.0
2019-11-01,0.0,12.874068869561661,0.0
2019-11-04,0.0,-28.361353468739914,0.0
2019-11-05,0.0,78.53543397701725,0.0
2019-11-06,-0.0,0.0,-0.0
2019-11-07,-10.0,-0.0,0.0
2019-11-08,12.88810474306512,-0.0,-0.0
2019-11-11,-2.1856756327753857,0.0,-0.0
2019-11-12,39.83342075013496,-0.0,-0.0
2019-11-13,96.33469690589425,0.0,-0.0
2019-11-14,-0.0,-0.0,0.0
2019-11-15,-0.0,-0.0,-0.0
2019-11-18,0.0,0.0,0.0
2019-11-19,0.0,-0.0,-0.0
2019-11-20,-0.0,0.0,-0.0
2019-11-21,0.0,-0.0,0.0
2019-11-22,-0.0,-0.0,0.0
2019-11-25,0.0,-0.0,0.0
2019-11-26,0.0,0.0,0.0
2019-11-27,-0.0,-0.0,0.0
2019-11-29,-0.0,0.0,-0.0
2019-12-02,0.0,0.0,-0.0
2019-12-03,-0.0,-0.0,-0.0
2019-12-04,-0.0,-0.0,-0.0
2019-12-05,-0.0,-0.0,0.0
2019-12-06,0.0,-0.0,0.0
2019-12-09,0.0,0.0,0.0
2019-12-10,-0.0,-0.0,-0.0
2019-12-11,-0.0,0.0,0.0
2019-12-12,0.0,-0.0,0.0
2019-12-13,-0.0,0.0,-0.0
2019-12-16,-0.0,-0.0,-0.0
2019-12-17,-0.0,0.0,0.0
2019-12-18,-0.0,-0.0,-0.0
2019-12-19,0.0,0.0,0.0
2019-12-20,0.0,0.0,0.0
2019-12-23,0.0,-0.0,0.0
2019-12-24,-0.0,0.0,0.0
2019-12-26,-0.0,0.0,0.0
2019-12-27,0.0,0.0,-0.0
2019-12-30,-0.0,-0.0,0.0
2019-12-31,-0.0,-0.0,0.0
2020-01-02,0.0,-0.0,-0.0
2020-01-03,-0.0,0.0,-0.0
2020-01-06,0.0,-0.0,-0.0
2020-01-07,-0.0,-0.0,0.0
2020-01-08,0.0,0.0,0.0
2020-01-09,0.0,0.0,0.0
2020-01-10,-0.0,-0.0,-0.0
2020-01-13,0.0,0.0,0.0
2020-01-14,-0.0,-0.0,-0.0
2020-01-15,-0.0,-0.0,0.0
2020-01-16,-0.0,-0.0,0.0
2020-01-17,-0.0,0.0,0.0
2020-01-21,-0.0,0.0,-0.0
2020-01-22,0.0,-0.0,-0.0
2020-01-23,-10.0,0.0,0.0
2020-01-24,-23.424512396221786,0.0,0.0
2020-01-27,54.11710006596682,-0.0,-0.0
2020-01-28,13.848347970806252,-0.0,0.0
2020-01-29,-22.632298302931453,-0.0,0.0
2020-01-30,47.77398528303056,0.0,-0.0
2020-01-31,-13.785976774740583,0.0,-0.0
2020-02-03,5.760428593379885,-0.0,0.0
2020-02-04,159.94519545345474,-0.0,0.0
2020-02-05,8.418005877750545,-0.0,0.0
2020-02-06,-6.577155713936023,0.0,-0.0
2020-02-07,21.849456493776565,0.0,-0.0
2020-02-10,-23.071117394457552,-0.0,-0.0
2020-02-11,-81.93230327817713,-0.0,0.0
2020-02-12,-0.0,0.0,0.0
2020-02-13,-0.0,0.0,-0.0
2020-02-14,-0.0,-0.0,-0.0
2020-02-18,-0.0,-0.0,-0.0
2020-02-19,0.0,-0.0,-0.0
2020-02-20,-0.0,0.0,0.0
2020-02-21,0.0,-0.0,-0.0
2020-02-24,-0.0,0.0,-0.0
2020-02-25,0.0,0.0,-10.0
2020-02-26,0.0,-0.0,38.04011859965595
2020-02-27,0.0,-0.0,-103.91713700444782
2020-02-28,-10.0,-0.0,71.49346937320722
2020-03-02,184.88095000710024,0.0,116.97396920658409
2020-03-03,8.265644976566122,0.0,74.64703981457265
2020-03-04,142.94146042671318,-0.0,-17.466187237405997
2020-03-05,-23.11054685941283,-0.0,-0.0
2020-03-06,-42.644718233711956,-0.0,-10.0
2020-03-09,0.0,0.0,-330.295329547311
2020-03-10,-10.0,-0.0,-10.0
2020-03-11,-23.355052255249475,-0.0,-66.78005947168162
2020-03-12,-161.13579155535018,-0.0,-0.0
2020-03-13,0.0,0.0,-10.0
2020-03-16,0.0,0.0,-243.11695557180823
2020-03-17,-0.0,0.0,0.0
2020-03-18,-10.0,-10.0,-0.0
2020-03-19,-218.74943070136266,158.32877003465364,0.0
2020-03-20,0.0,-10.0,-0.0
2020-03-23,0.0,169.66478837921684,-0.0
2020-03-24,-0.0,-0.0,0.0
2020-03-25,-10.0,-10.0,-0.0
2020-03-26,-290.24764528635336,38.20346514833872,-10.0
2020-03-27,0.0,128.8653829666131,202.41555275897105
2020-03-30,-10.0,-0.0,0.0
2020-03-31,324.4434467476953,-0.0,-0.0
2020-04-01,453.32361394505585,0.0,-0.0
2020-04-02,-195.57848427399273,-0.0,0.0
2020-04-03,329.10965406430904,0.0,-10.0
2020-04-06,-0.0,-0.0,312.6832930629497
2020-04-07,0.0,-0.0,168.43884225571148
2020-04-08,-10.0,-10.0,21.50573389068878
2020-04-09,-252.75028162707545,79.3739822471462,0.0
2020-04-13,0.0,23.804041823920485,-10.0
2020-04-14,0.0,96.43856528866567,127.86742421050157
2020-04-15,0.0,-94.10599346265425,297.4102903569431
2020-04-16,0.0,-66.41238954764539,44.15643449725781
2020-04-17,-0.0,18.718352528455107,-275.52155252427934
2020-04-20,0.0,-52.45009384592603,-0.0
2020-04-21,-0.0,83.72930461530981,0.0
2020-04-22,-0.0,-4.559974580256032,0.0
2020-04-23,0.0,-67.24846504520431,0.0
2020-04-24,0.0,38.25927128860318,0.0
2020-04-27,-0.0,-21.493595030555035,0.0
2020-04-28,0.0,187.5133249694727,-10.0
2020-04-29,0.0,-102.86712064944247,-24.064718932987894
2020-04-30,0.0,-0.0,278.9581823310605
2020-05-01,0.0,0.0,-0.0
2020-05-04,-0.0,-0.0,0.0
2020-05-05,-0.0,-0.0,-0.0
2020-05-06,0.0,0.0,-0.0
2020-05-07,-0.0,0.0,0.0
2020-05-08,-0.0,0.0,0.0
2020-05-11,0.0,-0.0,-0.0
2020-05-12,-0.0,0.0,-0.0
2020-05-13,-0.0,0.0,-0.0
2020-05-14,-0.0,-0.0,0.0
2020-05-15,0.0,0.0,0.0
2020-05-18,-0.0,0.0,-10.0
2020-05-19,0.0,-0.0,93.1474666983645
2020-05-20,0.0,0.0,-43.997014425585235
2020-05-21,0.0,-0.0,95.69439485704211
2020-05-22,-0.0,0.0,42.25256171447423
2020-05-26,0.0,0.0,-10.0
2020-05-27,0.0,0.0,56.538790551874385
2020-05-28,-0.0,-0.0,53.57162159005835
2020-05-29,0.0,-0.0,77.82034372208258
2020-06-01,0.0,0.0,0.0
2020-06-02,0.0,-0.0,0.0
2020-06-03,-0.0,0.0,-10.0
2020-06-04,0.0,-0.0,29.90246220083481
2020-06-05,0.0,-0.0,-9.102609177302767
2020-06-08,-0.0,0.0,104.83418969839953
2020-06-09,0.0,-0.0,74.08122474651613
2020-06-10,0.0,-0.0,72.44287371427461
2020-06-11,0.0,0.0,-10.0
2020-06-12,0.0,-0.0,192.64524214738898
2020-06-15,-0.0,0.0,76.69150767651513
2020-06-16,0.0,-0.0,0.0
2020-06-17,-0.0,-0.0,-0.0
2020-06-18,0.0,0.0,0.0
2020-06-19,-10.0,-0.0,-0.0
2020-06-22,190.71133756337844,0.0,0.0
2020-06-23,-48.58252346659597,-0.0,-0.0
2020-06-24,85.49105745829344,0.0,-0.0
2020-06-25,-143.102842088636,-0.0,0.0
2020-06-26,114.01443101009434,-0.0,-0.0
2020-06-29,50.80547354752497,0.0,0.0
2020-06-30,0.0,-0.0,-0.0
2020-07-01,-0.0,-0.0,-0.0
2020-07-02,0.0,0.0,0.0
2020-07-06,0.0,-0.0,0.0
2020-07-07,0.0,0.0,0.0
2020-07-08,-0.0,-0.0,-0.0
2020-07-09,0.0,-0.0,-0.0
2020-07-10,-0.0,-10.0,0.0
2020-07-13,-0.0,90.63743623723752,-0.0
2020-07-14,0.0,23.613818935180895,0.0
2020-07-15,0.0,-0.0,0.0
2020-07-16,-0.0,0.0,-0.0
2020-07-17,-0.0,-0.0,-0.0
2020-07-20,0.0,-0.0,-0.0
2020-07-21,0.0,0.0,0.0
2020-07-22,-0.0,0.0,0.0
2020-07-23,0.0,0.0,-0.0
2020-07-24,0.0,0.0,0.0
2020-07-27,0.0,-0.0,0.0
2020-07-28,-0.0,0.0,-0.0
2020-07-29,-0.0,-0.0,0.0
2020-07-30,0.0,0.0,-0.0
2020-07-31,-0.0,0.0,0.0
2020-08-03,0.0,-0.0,-0.0
2020-08-04,-0.0,0.0,0.0
2020-08-05,0.0,-0.0,0.0
2020-08-06,-0.0,0.0,-0.0
2020-08-07,-0.0,0.0,-0.0
2020-08-10,0.0,0.0,0.0
2020-08-11,0.0,-0.0,-0.0
2020-08-12,-0.0,-0.0,-0.0
2020-08-13,-0.0,-0.0,-0.0
2020-08-14,0.0,0.0,0.0
2020-08-17,0.0,-0.0,-0.0
2020-08-18,0.0,0.0,-0.0
2020-08-19,-0.0,-0.0,0.0
2020-08-20,0.0,0.0,-0.0
2020-08-21,-0.0,0.0,-0.0
2020-08-24,-0.0,0.0,0.0
2020-08-25,0.0,-0.0,-0.0
2020-08-26,0.0,0.0,0.0
2020-08-27,-0.0,-0.0,-0.0
2020-08-28,-0.0,0.0,0.0
2020-08-31,-0.0,-0.0,-0.0
2020-09-01,0.0,0.0,0.0
2020-09-02,-0.0,-0.0,-0.0
2020-09-03,-0.0,0.0,-0.0
2020-09-04,0.0,0.0,0.0
2020-09-08,-0.0,-0.0,-0.0
2020-09-09,0.0,-0.0,0.0
2020-09-10,0.0,0.0,-0.0
2020-09-11,0.0,0.0,0.0
2020-09-14,-0.0,-0.0,-0.0
2020-09-15,-0.0,-0.0,-0.0
2020-09-16,0.0,-0.0,-0.0
2020-09-17,0.0,-0.0,0.0
2020-09-18,0.0,-0.0,-0.0
2020-09-21,-0.0,0.0,-0.0
2020-09-22,-0.0,0.0,0.0
2020-09-23,0.0,-0.0,-0.0
2020-09-24,-0.0,0.0,0.0
2020-09-25,-0.0,-0.0,0.0
2020-09-28,0.0,0.0,0.0
2020-09-29,-0.0,-0.0,-0.0
2020-09-30,0.0,-0.0,-0.0
2020-10-01,-0.0,0.0,-0.0
2020-10-02,-0.0,0.0,0.0
2020-10-05,-0.0,-0.0,0.0
2020-10-06,-10.0,0.0,-0.0
2020-10-07,99.27966775549635,-0.0,0.0
2020-10-08,-64.21064844706947,0.0,0.0
2020-10-09,124.61559879982431,0.0,-0.0
2020-10-12,49.340002853893736,0.0,-0.0
2020-10-13,0.0,0.0,-0.0
2020-10-14,-0.0,-0.0,0.0
2020-10-15,0.0,0.0,0.0
2020-10-16,-0.0,-0.0,-0.0
2020-10-19,0.0,0.0,-0.0
2020-10-20,-0.0,-0.0,0.0
2020-10-21,0.0,0.0,-0.0
2020-10-22,-0.0,-0.0,-0.0
2020-10-23,0.0,0.0,0.0
2020-10-26,-0.0,0.0,-0.0
2020-10-27,0.0,0.0,0.0
2020-10-28,0.0,-0.0,0.0
2020-10-29,-0.0,0.0,0.0
2020-10-30,0.0,-0.0,-0.0
2020-11-02,-0.0,0.0,0.0
2020-11-03,0.0,0.0,-0.0
2020-11-04,0.0,-0.0,-10.0
2020-11-05,-0.0,0.0,326.45807028604423
2020-11-06,0.0,0.0,-23.00017433008783
2020-11-09,-0.0,-0.0,68.29360266722873
2020-11-10,0.0,0.0,6.730777394370335
2020-11-11,0.0,0.0,-155.47652595288784
2020-11-12,0.0,-0.0,-0.0
2020-11-13,-0.0,-0.0,0.0
2020-11-16,-0.0,0.0,0.0
2020-11-17,0.0,-0.0,-0.0
2020-11-18,0.0,-0.0,0.0
2020-11-19,0.0,0.0,-0.0
2020-11-20,-0.0,-0.0,-0.0
2020-11-23,-0.0,0.0,0.0
2020-11-24,-0.0,0.0,-10.0
2020-11-25,-0.0,0.0,124.4235006658867
2020-11-27,0.0,-0.0,31.133374166371084
2020-11-30,0.0,-0.0,-0.0
2020-12-01,-0.0,0.0,0.0
2020-12-02,-0.0,-0.0,-0.0
2020-12-03,0.0,0.0,0.0
2020-12-04,0.0,0.0,0.0
2020-12-07,-0.0,0.0,-0.0
2020-12-08,0.0,-0.0,0.0
2020-12-09,-0.0,-0.0,0.0
2020-12-10,-0.0,-0.0,-0.0
2020-12-11,-0.0,0.0,-0.0
2020-12-14,0.0,0.0,-0.0
2020-12-15,-0.0,-0.0,0.0
2020-12-16,0.0,0.0,-0.0
2020-12-17,-0.0,-0.0,0.0
2020-12-18,0.0,0.0,0.0
2020-12-21,0.0,-0.0,-0.0
2020-12-22,-0.0,-0.0,-0.0
2020-12-23,0.0,0.0,0.0
2020-12-24,-0.0,0.0,0.0
2020-12-28,0.0,0.0,-0.0
2020-12-29,-0.0,-0.0,-0.0
2020-12-30,-0.0,0.0,0.0
2020-12-31,-0.0,-0.0,-0.0
2021-01-04,0.0,-0.0,-0.0
2021-01-05,-0.0,-0.0,0.0
2021-01-06,-0.0,-0.0,-10.0
2021-01-07,0.0,-10.0,104.16472214330064
2021-01-08,-0.0,66.10914080442676,94.03645567890419
2021-01-11,0.0,-42.628262920549886,-0.0
2021-01-12,0.0,91.11423132767804,0.0
2021-01-13,-0.0,13.154369413506117,-0.0
2021-01-14,0.0,-2.341088728927687,-0.0
2021-01-15,-0.0,-24.217226988980656,-0.0
2021-01-19,0.0,-44.9935522813405,0.0
2021-01-20,-0.0,22.037685507321214,0.0
2021-01-21,0.0,36.700787302859084,-0.0
2021-01-22,-0.0,18.218421971916143,0.0
2021-01-25,-0.0,28.80002314033959,-0.0
2021-01-26,0.0,0.0,-0.0
2021-01-27,0.0,0.0,0.0
2021-01-28,-0.0,-0.0,0.0
2021-01-29,-0.0,-0.0,-0.0
2021-02-01,-0.0,0.0,0.0
2021-02-02,0.0,0.0,0.0
2021-02-03,0.0,0.0,0.0
2021-02-04,-0.0,0.0,-0.0
2021-02-05,0.0,0.0,0.0
2021-02-08,0.0,-0.0,0.0
2021-02-09,-0.0,-0.0,-0.0
2021-02-10,-0.0,-0.0,-0.0
2021-02-11,0.0,-0.0,-0.0
2021-02-12,0.0,-0.0,0.0
2021-02-16,0.0,0.0,0.0
2021-02-17,-0.0,0.0,-0.0
2021-02-18,-0.0,0.0,-0.0
2021-02-19,0.0,-0.0,0.0
2021-02-22,0.0,0.0,-0.0
2021-02-23,-0.0,0.0,-0.0
2021-02-24,0.0,-0.0,-0.0
2021-02-25,-0.0,-0.0,-0.0
2021-02-26,0.0,-0.0,-0.0
2021-03-01,-0.0,0.0,0.0
2021-03-02,0.0,0.0,0.0
2021-03-03,0.0,0.0,-0.0
2021-03-04,-0.0,0.0,-0.0
2021-03-05,0.0,0.0,0.0
2021-03-08,-0.0,0.0,0.0
2021-03-09,-0.0,-0.0,-0.0
2021-03-10,0.0,0.0,0.0
2021-03-11,0.0,-0.0,-0.0
2021-03-12,-0.0,0.0,-0.0
2021-03-15,-0.0,-0.0,-0.0
2021-03-16,0.0,0.0,-0.0
2021-03-17,0.0,0.0,0.0
2021-03-18,-0.0,-0.0,-0.0
2021-03-19,-0.0,0.0,-0.0
2021-03-22,0.0,0.0,-0.0
2021-03-23,-0.0,0.0,-0.0
2021-03-24,-0.0,-0.0,0.0
2021-03-25,-0.0,0.0,0.0
2021-03-26,0.0,-0.0,0.0
2021-03-29,-0.0,0.0,-0.0
2021-03-30,-0.0,-0.0,0.0
2021-03-31,-0.0,-0.0,-0.0
2021-04-01,-0.0,-0.0,0.0
2021-04-05,0.0,0.0,0.0
2021-04-06,0.0,0.0,0.0
2021-04-07,0.0,-0.0,-0.0
2021-04-08,0.0,-0.0,0.0
2021-04-09,0.0,-0.0,0.0
2021-04-12,0.0,0.0,0.0
2021-04-13,-0.0,-0.0,-0.0
2021-04-14,-0.0,0.0,0.0
2021-04-15,-0.0,-0.0,-0.0
2021-04-16,0.0,0.0,0.0
2021-04-19,0.0,-0.0,-0.0
2021-04-20,-0.0,0.0,-0.0
2021-04-21,0.0,-0.0,0.0
2021-04-22,0.0,-0.0,-0.0
2021-04-23,-0.0,-0.0,0.0
2021-04-26,-0.0,-0.0,0.0
2021-04-27,0.0,0.0,-0.0
2021-04-28,0.0,0.0,0.0
2021-04-29,-0.0,0.0,0.0
2021-04-30,-0.0,-0.0,-0.0
2021-05-03,0.0,-0.0,0.0
2021-05-04,-0.0,-0.0,0.0
2021-05-05,0.0,-0.0,0.0
2021-05-06,-0.0,0.0,-0.0
2021-05-07,-0.0,-0.0,-0.0
2021-05-10,-0.0,0.0,-0.0
2021-05-11,0.0,-0.0,0.0
2021-05-12,0.0,-0.0,-0.0
2021-05-13,-0.0,0.0,0.0
2021-05-14,-0.0,-0.0,0.0
2021-05-17,0.0,-0.0,0.0
2021-05-18,-0.0,-0.0,-0.0
2021-05-19,-0.0,-0.0,-0.0
2021-05-20,-0.0,0.0,-0.0
2021-05-21,-0.0,0.0,0.0
2021-05-24,0.0,0.0,0.0
2021-05-25,0.0,0.0,-0.0
2021-05-26,-0.0,0.0,0.0
2021-05-27,-0.0,-0.0,0.0
2021-05-28,-0.0,-0.0,-0.0
2021-06-01,0.0,0.0,0.0
2021-06-02,-0.0,0.0,-0.0
2021-06-03,-0.0,-0.0,-0.0
2021-06-04,0.0,-0.0,-0.0
2021-06-07,-0.0,-0.0,-0.0
2021-06-08,0.0,-0.0,0.0
2021-06-09,-0.0,-0.0,-0.0
2021-06-10,0.0,-10.0,-10.0
2021-06-11,0.0,87.06483319028457,128.95861983818423
2021-06-14,-0.0,-6.227083991007234,-58.765596066399084
2021-06-15,-0.0,-0.0,30.147038054675335
2021-06-16,0.0,-0.0,-17.458695832215376
2021-06-17,-0.0,0.0,-137.0604657890162
2021-06-18,0.0,-0.0,44.24684283480307
2021-06-21,-0.0,0.0,-10.0
2021-06-22,0.0,0.0,24.840394503294903
2021-06-23,0.0,-0.0,-0.0
2021-06-24,0.0,0.0,0.0
2021-06-25,-0.0,0.0,-0.0
2021-06-28,-0.0,-0.0,0.0
2021-06-29,0.0,-0.0,0.0
2021-06-30,0.0,0.0,0.0
2021-07-01,-0.0,-0.0,-0.0
2021-07-02,0.0,-0.0,-0.0
2021-07-06,-0.0,0.0,-0.0
2021-07-07,0.0,0.0,0.0
2021-07-08,0.0,0.0,-0.0
2021-07-09,0.0,0.0,0.0
2021-07-12,-0.0,-0.0,-0.0
2021-07-13,0.0,0.0,-0.0
2021-07-14,-0.0,0.0,0.0
2021-07-15,-0.0,0.0,0.0
2021-07-16,-0.0,-0.0,-0.0
2021-07-19,0.0,0.0,-0.0
2021-07-20,-0.0,-0.0,0.0
2021-07-21,0.0,-0.0,0.0
2021-07-22,-0.0,-0.0,-0.0
2021-07-23,-0.0,0.0,-0.0
2021-07-26,0.0,0.0,0.0
2021-07-27,-0.0,-0.0,-0.0
2021-07-28,0.0,-0.0,-0.0
2021-07-29,0.0,0.0,0.0
2021-07-30,0.0,0.0,-0.0
2021-08-02,-0.0,-0.0,-0.0
2021-08-03,-0.0,-0.0,0.0
2021-08-04,-0.0,-0.0,-0.0
2021-08-05,-0.0,0.0,0.0
2021-08-06,0.0,0.0,0.0
2021-08-09,0.0,0.0,-0.0
2021-08-10,0.0,0.0,0.0
2021-08-11,-0.0,0.0,-10.0
2021-08-12,0.0,-0.0,125.72651886697983
2021-08-13,0.0,0.0,44.60393478605052
2021-08-16,-0.0,-0.0,-0.0
2021-08-17,0.0,-0.0,-0.0
2021-08-18,-0.0,0.0,0.0
2021-08-19,0.0,0.0,-0.0
2021-08-20,-0.0,-0.0,0.0
2021-08-23,0.0,-0.0,0.0
2021-08-24,0.0,-0.0,0.0
2021-08-25,-0.0,0.0,0.0
2021-08-26,-0.0,0.0,-0.0
2021-08-27,0.0,0.0,0.0
2021-08-30,0.0,-0.0,-0.0
2021-08-31,0.0,0.0,-0.0
2021-09-01,-0.0,0.0,-0.0
2021-09-02,-0.0,-0.0,-0.0
2021-09-03,0.0,-0.0,-0.0
2021-09-07,0.0,-0.0,0.0
2021-09-08,-0.0,0.0,-0.0
2021-09-09,0.0,0.0,0.0
2021-09-10,0.0,0.0,0.0
2021-09-13,0.0,0.0,0.0
2021-09-14,-0.0,-0.0,-0.0
2021-09-15,0.0,-0.0,0.0
2021-09-16,0.0,-0.0,-0.0
2021-09-17,0.0,-0.0,-0.0
2021-09-20,-0.0,0.0,-0.0
2021-09-21,-0.0,-0.0,0.0
2021-09-22,0.0,0.0,0.0
2021-09-23,0.0,-0.0,0.0
2021-09-24,-0.0,0.0,-0.0
2021-09-27,0.0,0.0,0.0
2021-09-28,-0.0,-0.0,-0.0
2021-09-29,-0.0,-0.0,-0.0
2021-09-30,-0.0,-0.0,-0.0
2021-10-01,0.0,0.0,0.0
2021-10-04,-0.0,0.0,0.0
2021-10-05,0.0,-0.0,-0.0
2021-10-06,-0.0,0.0,-0.0
2021-10-07,0.0,-0.0,0.0
2021-10-08,0.0,0.0,-0.0
2021-10-11,0.0,0.0,0.0
2021-10-12,-0.0,0.0,0.0
2021-10-13,-0.0,-0.0,0.0
2021-10-14,-0.0,-0.0,0.0
2021-10-15,0.0,-0.0,-0.0
2021-10-18,0.0,0.0,-0.0
2021-10-19,-0.0,-0.0,-0.0
2021-10-20,-0.0,-0.0,-0.0
2021-10-21,0.0,0.0,-0.0
2021-10-22,0.0,0.0,-0.0
2021-10-25,0.0,-0.0,0.0
2021-10-26,-0.0,0.0,-0.0
2021-10-27,0.0,0.0,-0.0
2021-10-28,-0.0,-0.0,0.0
2021-10-29,0.0,-0.0,-0.0
2021-11-01,-0.0,0.0,0.0
2021-11-02,0.0,0.0,0.0
2021-11-03,0.0,0.0,0.0
2021-11-04,0.0,0.0,0.0
2021-11-05,-0.0,-10.0,0.0
2021-11-08,0.0,120.61836799584725,-0.0
2021-11-09,-0.0,0.0,-0.0
2021-11-10,-0.0,-0.0,-0.0
2021-11-11,0.0,0.0,0.0
2021-11-12,-0.0,-0.0,-0.0
2021-11-15,-0.0,0.0,-0.0
2021-11-16,0.0,-0.0,-0.0
2021-11-17,-0.0,-0.0,-0.0
2021-11-18,0.0,-0.0,-0.0
2021-11-19,-0.0,0.0,0.0
2021-11-22,0.0,0.0,0.0
2021-11-23,0.0,0.0,-0.0
2021-11-24,-0.0,-0.0,-0.0
2021-11-26,0.0,-0.0,-0.0
2021-11-29,-0.0,0.0,0.0
2021-11-30,0.0,-0.0,-0.0
2021-12-01,-0.0,0.0,-0.0
2021-12-02,-0.0,0.0,0.0
2021-12-03,0.0,0.0,-0.0
2021-12-06,0.0,-10.0,0.0
2021-12-07,-0.0,90.50217057610666,0.0
2021-12-08,0.0,-0.0,-0.0
2021-12-09,0.0,0.0,-0.0
2021-12-10,0.0,0.0,0.0
2021-12-13,-0.0,0.0,-0.0
2021-12-14,0.0,-0.0,0.0
2021-12-15,-0.0,-0.0,-0.0
2021-12-16,0.0,0.0,0.0
2021-12-17,0.0,-0.0,-0.0
2021-12-20,-0.0,0.0,-0.0
2021-12-21,0.0,-0.0,0.0
2021-12-22,0.0,-0.0,0.0
2021-12-23,0.0,0.0,0.0
2021-12-27,0.0,0.0,0.0
2021-12-28,-0.0,0.0,0.0
2021-12-29,-0.0,-0.0,-0.0
2021-12-30,-0.0,-0.0,-0.0
2021-12-31,0.0,0.0,0.0
2022-01-03,0.0,0.0,-0.0
2022-01-04,0.0,-10.0,0.0
2022-01-05,-0.0,30.91337976311337,-0.0
2022-01-06,0.0,5.897497759104198,-0.0
2022-01-07,-0.0,15.535608846386495,-0.0
2022-01-10,-0.0,148.1998529117412,-0.0
2022-01-11,0.0,37.50504414863798,0.0
2022-01-12,-0.0,-54.704094476513134,0.0
2022-01-13,-0.0,0.0,0.0
2022-01-14,0.0,-0.0,-0.0
2022-01-18,-0.0,-0.0,-0.0
2022-01-19,-0.0,0.0,0.0
2022-01-20,-0.0,-0.0,-0.0
2022-01-21,0.0,0.0,-0.0
2022-01-24,0.0,-0.0,0.0
2022-01-25,0.0,-0.0,0.0
2022-01-26,-0.0,-0.0,-0.0
2022-01-27,-0.0,0.0,0.0
2022-01-28,-0.0,-0.0,-0.0
2022-01-31,-0.0,0.0,0.0
2022-02-01,0.0,-0.0,0.0
2022-02-02,-0.0,0.0,-0.0
2022-02-03,0.0,0.0,-0.0
2022-02-04,-0.0,-0.0,-0.0
2022-02-07,0.0,0.0,0.0
2022-02-08,0.0,-0.0,0.0
2022-02-09,-0.0,-0.0,0.0
2022-02-10,0.0,0.0,0.0
2022-02-11,-0.0,0.0,-0.0
2022-02-14,0.0,0.0,-0.0
2022-02-15,0.0,-0.0,0.0
2022-02-16,-0.0,0.0,0.0
2022-02-17,0.0,-10.0,-0.0
2022-02-18,-0.0,-1.8165908986933488,0.0
2022-02-22,-0.0,86.19967775262083,-0.0
2022-02-23,0.0,31.863509165240842,-0.0
2022-02-24,-0.0,-10.0,-0.0
2022-02-25,-0.0,79.83560392196054,0.0
2022-02-28,-10.0,-24.66551247526816,-0.0
2022-03-01,101.34521574433286,20.118248502365432,-0.0
2022-03-02,5.090127703128999,2.9004942043631132,0.0
2022-03-03,-60.74771077150487,30.216149224319153,-0.0
2022-03-04,-136.844386436632,-0.0,-0.0
2022-03-07,-158.7538771589758,-0.0,-0.0
2022-03-08,-10.0,-0.0,0.0
2022-03-09,223.01595239447636,-0.0,0.0
2022-03-10,-76.4317896096589,-10.0,-0.0
2022-03-11,17.47144817595192,15.298547323627787,-0.0
2022-03-14,113.51688633179258,36.6573836975892,-0.0
2022-03-15,70.90741907933463,48.99151099457711,-0.0
2022-03-16,0.0,-0.0,0.0
2022-03-17,0.0,-0.0,0.0
2022-03-18,0.0,0.0,-0.0
2022-03-21,-0.0,0.0,0.0
2022-03-22,0.0,0.0,0.0
2022-03-23,-0.0,0.0,0.0
2022-03-24,-0.0,-0.0,0.0
2022-03-25,-0.0,0.0,-0.0
2022-03-28,0.0,-0.0,-0.0
2022-03-29,0.0,0.0,0.0
2022-03-30,-0.0,-0.0,-0.0
2022-03-31,0.0,0.0,-0.0
2022-04-01,-0.0,0.0,0.0
2022-04-04,0.0,0.0,0.0
2022-04-05,-0.0,-0.0,-0.0
2022-04-06,-0.0,-0.0,-0.0
2022-04-07,0.0,-0.0,0.0
2022-04-08,-0.0,0.0,0.0
2022-04-11,0.0,0.0,0.0
2022-04-12,-0.0,0.0,0.0
2022-04-13,0.0,-0.0,0.0
2022-04-14,-0.0,-0.0,-0.0
2022-04-18,-0.0,-0.0,0.0
2022-04-19,0.0,0.0,-0.0
2022-04-20,0.0,-0.0,-0.0
2022-04-21,0.0,0.0,-0.0
2022-04-22,-0.0,-10.0,-0.0
2022-04-25,0.0,71.42835070064635,-0.0
2022-04-26,-0.0,34.36440290045084,0.0
2022-04-27,0.0,-13.111869006774413,0.0
2022-04-28,-0.0,11.15095990274817,0.0
2022-04-29,0.0,40.808890452032074,-0.0
2022-05-02,-0.0,-0.0,-0.0
2022-05-03,-0.0,-0.0,0.0
2022-05-04,-0.0,0.0,0.0
2022-05-05,-0.0,-0.0,-0.0
2022-05-06,-0.0,0.0,-0.0
2022-05-09,0.0,-10.0,-0.0
2022-05-10,0.0,108.36640374771612,-0.0
2022-05-11,-0.0,-0.0,0.0
2022-05-12,0.0,-0.0,-0.0
2022-05-13,-0.0,0.0,0.0
2022-05-16,-0.0,-0.0,-0.0
2022-05-17,-0.0,-10.0,0.0
2022-05-18,-0.0,-235.2426896966586,-0.0
2022-05-19,0.0,0.0,0.0
2022-05-20,-10.0,0.0,-0.0
2022-05-23,137.03520916908298,0.0,0.0
2022-05-24,0.6706215154927975,0.0,-0.0
2022-05-25,62.04685459672454,-0.0,0.0
2022-05-26,76.72974551579671,0.0,0.0
2022-05-27,-0.0,-0.0,0.0
2022-05-31,0.0,0.0,-0.0
2022-06-01,-0.0,-0.0,-0.0
2022-06-02,0.0,0.0,0.0
2022-06-03,-0.0,-0.0,-0.0
2022-06-06,-0.0,-0.0,0.0
2022-06-07,0.0,-0.0,-0.0
2022-06-08,0.0,-0.0,-0.0
2022-06-09,0.0,0.0,-0.0
2022-06-10,-0.0,0.0,-0.0
2022-06-13,-10.0,0.0,-10.0
2022-06-14,-40.25336687919712,-0.0,74.29621560841593
2022-06-15,157.3237954365858,-0.0,-0.3410701449046982
2022-06-16,-51.799863641246446,0.0,-110.90599415834123
2022-06-17,22.091502550072306,-0.0,82.43569402941908
2022-06-21,-10.0,0.0,-10.0
2022-06-22,145.05477676198254,-0.0,-95.6250549775861
2022-06-23,-0.0,0.0,-113.0739843118944
2022-06-24,-0.0,0.0,0.0
2022-06-27,-0.0,-0.0,-0.0
2022-06-28,-0.0,0.0,0.0
2022-06-29,0.0,-0.0,-0.0
2022-06-30,-0.0,0.0,-0.0
2022-07-01,-0.0,0.0,0.0
2022-07-05,0.0,-0.0,-0.0
2022-07-06,-0.0,-0.0,0.0
2022-07-07,0.0,-0.0,0.0
2022-07-08,0.0,-0.0,-0.0
2022-07-11,-0.0,0.0,0.0
2022-07-12,0.0,0.0,0.0
2022-07-13,0.0,0.0,0.0
2022-07-14,-0.0,-0.0,-0.0
2022-07-15,-0.0,-0.0,0.0
2022-07-18,0.0,0.0,0.0
2022-07-19,-0.0,-0.0,0.0
2022-07-20,0.0,0.0,-0.0
2022-07-21,-0.0,-0.0,-0.0
2022-07-22,-0.0,0.0,-0.0
2022-07-25,-0.0,-0.0,-0.0
2022-07-26,-0.0,-0.0,-0.0
2022-07-27,0.0,0.0,0.0
2022-07-28,-0.0,0.0,0.0
2022-07-29,-10.0,-0.0,0.0
2022-08-01,162.77841550965456,0.0,-0.0
2022-08-02,-2.5746590428266103,-0.0,-0.0
2022-08-03,30.392210198568748,-0.0,-0.0
2022-08-04,-36.95834305836421,-0.0,0.0
2022-08-05,54.0343050989911,-0.0,0.0
2022-08-08,6.907162726568217,-0.0,0.0
2022-08-09,-83.30209261689703,0.0,-0.0
2022-08-10,60.695464545394984,-0.0,0.0
2022-08-11,12.227304309559983,0.0,0.0
2022-08-12,-51.09595528886679,-0.0,0.0
2022-08-15,39.250783476596496,0.0,-0.0
2022-08-16,72.985762357497,0.0,0.0
2022-08-17,-0.0,-0.0,-0.0
2022-08-18,-0.0,0.0,0.0
2022-08-19,-0.0,-0.0,-0.0
2022-08-22,0.0,-0.0,0.0
2022-08-23,0.0,0.0,0.0
2022-08-24,-0.0,-0.0,-0.0
2022-08-25,-0.0,-0.0,0.0
2022-08-26,-0.0,-0.0,-0.0
2022-08-29,-0.0,0.0,-0.0
2022-08-30,0.0,-0.0,-0.0
2022-08-31,0.0,0.0,-0.0
2022-09-01,-0.0,-0.0,-10.0
2022-09-02,0.0,0.0,142.76710505348512
2022-09-06,-0.0,-0.0,3.97529809101016
2022-09-07,-0.0,0.0,121.27083762738079
2022-09-08,0.0,-10.0,-49.115723405052094
2022-09-09,0.0,59.0327368129806,0.0
2022-09-12,-0.0,11.845247485151589,0.0
2022-09-13,0.0,-9.575069872651554,-0.0
2022-09-14,-0.0,17.012931400861575,-0.0
2022-09-15,0.0,-66.27685352089685,-0.0
2022-09-16,0.0,71.40588729027009,-10.0
2022-09-19,-0.0,84.87177906350674,189.39539862808164
2022-09-20,0.0,-10.0,-0.0
2022-09-21,0.0,35.248923411911335,-0.0
2022-09-22,-0.0,-0.0,-0.0
2022-09-23,-0.0,-0.0,-10.0
2022-09-26,-10.0,0.0,18.961318756582912
2022-09-27,53.802817369366096,-0.0,98.08457627321854
2022-09-28,65.2972745839886,-0.0,84.0369718145373
2022-09-29,-192.12494008623793,-0.0,-0.0
2022-09-30,51.508110590123835,0.0,0.0
2022-10-03,207.02507831054538,0.0,0.0
2022-10-04,83.99862846776408,-0.0,-10.0
2022-10-05,0.0,-0.0,148.18160872533406
2022-10-06,-10.0,0.0,-0.0
2022-10-07,5.643796797096812,0.0,-0.0
2022-10-10,67.6542996186491,0.0,0.0
2022-10-11,-31.004542029045012,0.0,-0.0
2022-10-12,-279.2305150520813,0.0,-0.0
2022-10-13,-10.0,-0.0,0.0
2022-10-14,77.13078319920186,-0.0,-0.0
2022-10-17,149.15144934546709,0.0,0.0
2022-10-18,-0.0,0.0,0.0
2022-10-19,0.0,0.0,-0.0
2022-10-20,0.0,-0.0,-0.0
2022-10-21,-0.0,-0.0,0.0
2022-10-24,0.0,0.0,-0.0
2022-10-25,-0.0,0.0,0.0
2022-10-26,0.0,-0.0,-0.0
2022-10-27,-0.0,0.0,-0.0
2022-10-28,-0.0,0.0,-0.0
2022-10-31,0.0,-0.0,-0.0
2022-11-01,-0.0,-0.0,0.0
2022-11-02,-0.0,-0.0,-0.0
2022-11-03,-0.0,0.0,0.0
2022-11-04,0.0,0.0,-10.0
2022-11-07,0.0,-0.0,72.07029673468313
2022-11-08,-0.0,-0.0,-38.64883729515434
2022-11-09,-0.0,-0.0,110.50120014552967
2022-11-10,-0.0,0.0,-201.06120482177303
2022-11-11,0.0,0.0,-37.559602309755746
2022-11-14,0.0,-0.0,120.43970400911431
2022-11-15,-0.0,0.0,65.29218516322376
2022-11-16,-0.0,0.0,85.8228361308544
2022-11-17,0.0,-0.0,-0.0
2022-11-18,-0.0,-0.0,0.0
2022-11-21,0.0,0.0,0.0
2022-11-22,-0.0,-0.0,0.0
2022-11-23,-0.0,-0.0,-0.0
2022-11-25,-0.0,-0.0,-0.0
2022-11-28,0.0,0.0,-0.0
2022-11-29,0.0,-0.0,0.0
2022-11-30,-0.0,-0.0,0.0
2022-12-01,-0.0,-0.0,-0.0
2022-12-02,0.0,0.0,0.0
2022-12-05,-0.0,-0.0,-0.0
2022-12-06,-0.0,0.0,-0.0
2022-12-07,0.0,-0.0,-0.0
2022-12-08,-0.0,-0.0,0.0
2022-12-09,-0.0,0.0,0.0
2022-12-12,-0.0,0.0,0.0
2022-12-13,0.0,-0.0,0.0
2022-12-14,0.0,-0.0,-0.0
2022-12-15,0.0,0.0,-0.0
2022-12-16,0.0,0.0,0.0
2022-12-19,0.0,0.0,-0.0
2022-12-20,-0.0,-0.0,0.0
2022-12-21,-0.0,-0.0,-0.0
2022-12-22,0.0,-0.0,-0.0
2022-12-23,-0.0,0.0,0.0
2022-12-27,-0.0,0.0,0.0
2022-12-28,0.0,-0.0,-0.0
2022-12-29,-0.0,-0.0,0.0
2022-12-30,0.0,0.0,-0.0
2023-01-03,-0.0,0.0,0.0
2023-01-04,-0.0,0.0,0.0
2023-01-05,0.0,-0.0,-0.0
2023-01-06,-0.0,0.0,0.0
2023-01-09,-0.0,-0.0,-10.0
2023-01-10,0.0,-0.0,61.12116103018206
2023-01-11,-0.0,-0.0,-9.120311053165686
2023-01-12,0.0,-0.0,26.44713356994899
2023-01-13,0.0,0.0,37.2028953600001
2023-01-17,0.0,0.0,70.59856147106802
2023-01-18,0.0,-0.0,-0.0
2023-01-19,0.0,-10.0,-0.0
2023-01-20,-0.0,68.59433111532809,0.0
2023-01-23,0.0,22.666040906962337,-0.0
2023-01-24,-0.0,74.0112093601919,0.0
2023-01-25,0.0,-1.720612343509842,-0.0
2023-01-26,-0.0,-56.72644720034036,0.0
2023-01-27,-0.0,0.0,-0.0
2023-01-30,0.0,0.0,-0.0
2023-01-31,-0.0,-0.0,0.0
2023-02-01,0.0,0.0,-0.0
2023-02-02,-0.0,-0.0,-0.0
2023-02-03,0.0,-0.0,-0.0
2023-02-06,-0.0,0.0,-0.0
2023-02-07,-0.0,-0.0,0.0
2023-02-08,0.0,-0.0,-0.0
2023-02-09,0.0,0.0,-0.0
2023-02-10,-0.0,0.0,0.0
2023-02-13,0.0,0.0,0.0
2023-02-14,-0.0,-0.0,0.0
2023-02-15,-0.0,0.0,0.0
2023-02-16,0.0,-0.0,-0.0
2023-02-17,0.0,0.0,-0.0
2023-02-21,0.0,0.0,-0.0
2023-02-22,-0.0,-0.0,0.0
2023-02-23,0.0,-0.0,-0.0
2023-02-24,-0.0,0.0,0.0
2023-02-27,0.0,-0.0,-0.0
2023-02-28,0.0,-0.0,0.0
2023-03-01,0.0,-0.0,0.0
2023-03-02,-0.0,0.0,-0.0
2023-03-03,-0.0,-0.0,-0.0
2023-03-06,0.0,0.0,-0.0
2023-03-07,0.0,0.0,-0.0
2023-03-08,-0.0,0.0,0.0
2023-03-09,0.0,-0.0,-0.0
2023-03-10,0.0,-0.0,-0.0
2023-03-13,-0.0,-0.0,-10.0
2023-03-14,-0.0,0.0,116.74160933100808
2023-03-15,-0.0,0.0,-165.580289160272
2023-03-16,-0.0,-0.0,125.56989123158945
2023-03-17,0.0,0.0,13.490862098262113
2023-03-20,0.0,0.0,103.47108963305263
2023-03-21,0.0,-0.0,0.0
2023-03-22,0.0,0.0,-0.0
2023-03-23,0.0,-0.0,0.0
2023-03-24,-0.0,0.0,-0.0
2023-03-27,0.0,0.0,0.0
2023-03-28,-0.0,0.0,0.0
2023-03-29,-0.0,-0.0,0.0
2023-03-30,0.0,-0.0,-0.0
2023-03-31,0.0,-0.0,0.0
2023-04-03,0.0,-0.0,-0.0
2023-04-04,-0.0,-0.0,-0.0
2023-04-05,-0.0,-0.0,-0.0
2023-04-06,0.0,0.0,0.0
2023-04-10,0.0,0.0,0.0
2023-04-11,0.0,0.0,0.0
2023-04-12,-0.0,-0.0,-0.0
2023-04-13,0.0,-0.0,-0.0
2023-04-14,0.0,0.0,-0.0
2023-04-17,-0.0,0.0,0.0
2023-04-18,0.0,0.0,0.0
2023-04-19,-0.0,-0.0,-0.0
2023-04-20,0.0,0.0,0.0
2023-04-21,0.0,-0.0,-0.0
2023-04-24,-0.0,-0.0,0.0
2023-04-25,-0.0,0.0,-0.0
2023-04-26,0.0,0.0,0.0
2023-04-27,-0.0,0.0,0.0
2023-04-28,0.0,-0.0,0.0
2023-05-01,-0.0,-0.0,-0.0
2023-05-02,0.0,0.0,-0.0
2023-05-03,-0.0,-0.0,-0.0
2023-05-04,-0.0,0.0,0.0
2023-05-05,0.0,0.0,0.0
2023-05-08,0.0,-0.0,-0.0
2023-05-09,-0.0,0.0,-0.0
2023-05-10,-0.0,-0.0,-0.0
2023-05-11,0.0,0.0,-0.0
2023-05-12,-0.0,0.0,0.0
2023-05-15,0.0,-0.0,0.0
2023-05-16,0.0,-0.0,-0.0
2023-05-17,-0.0,-0.0,0.0
2023-05-18,-0.0,-0.0,0.0
2023-05-19,-0.0,-0.0,-0.0
2023-05-22,-0.0,-10.0,-0.0
2023-05-23,-0.0,60.10776053883227,-0.0
2023-05-24,0.0,20.18407590793636,-0.0
2023-05-25,0.0,14.026554855947069,0.0
2023-05-26,0.0,0.0,0.0
2023-05-30,-0.0,-0.0,-0.0
2023-05-31,-0.0,-0.0,-0.0
2023-06-01,0.0,-0.0,0.0
2023-06-02,0.0,0.0,0.0
2023-06-05,-0.0,-0.0,-0.0
2023-06-06,-0.0,0.0,0.0
2023-06-07,-0.0,0.0,0.0
2023-06-08,0.0,0.0,-0.0
2023-06-09,0.0,-0.0,-0.0
2023-06-12,0.0,-0.0,0.0
2023-06-13,0.0,0.0,0.0
2023-06-14,0.0,0.0,-0.0
2023-06-15,-0.0,-0.0,-0.0
2023-06-16,-0.0,-0.0,0.0
2023-06-20,0.0,-0.0,-0.0
2023-06-21,-0.0,0.0,0.0
2023-06-22,0.0,-0.0,-0.0
2023-06-23,0.0,-0.0,-0.0
2023-06-26,-0.0,0.0,0.0
2023-06-27,0.0,0.0,0.0
2023-06-28,0.0,-0.0,-0.0
2023-06-29,-0.0,-0.0,0.0
2023-06-30,-0.0,0.0,-0.0
2023-07-03,-0.0,0.0,0.0
2023-07-05,-0.0,-0.0,-0.0
2023-07-06,0.0,0.0,0.0
2023-07-07,-0.0,-0.0,0.0
2023-07-10,0.0,-0.0,-0.0
2023-07-11,-0.0,0.0,0.0
2023-07-12,-0.0,0.0,0.0
2023-07-13,0.0,0.0,-0.0
2023-07-14,0.0,-0.0,-0.0
2023-07-17,0.0,0.0,0.0
2023-07-18,0.0,-0.0,0.0
2023-07-19,-0.0,0.0,-0.0
2023-07-20,-0.0,-0.0,-0.0
2023-07-21,-0.0,-0.0,-0.0
2023-07-24,0.0,0.0,0.0
2023-07-25,-0.0,0.0,0.0
2023-07-26,0.0,0.0,-0.0
2023-07-27,0.0,-0.0,-0.0
2023-07-28,0.0,0.0,0.0
2023-07-31,-0.0,-0.0,0.0
2023-08-01,0.0,-0.0,-0.0
2023-08-02,-0.0,0.0,-0.0
2023-08-03,-10.0,-0.0,0.0
2023-08-04,42.405756637737824,-0.0,0.0
2023-08-07,3.100362297896453,-0.0,-0.0
2023-08-08,155.12260279656687,-0.0,-0.0
2023-08-09,16.54218286410881,0.0,0.0
2023-08-10,0.0,0.0,0.0
2023-08-11,-0.0,-0.0,-0.0
2023-08-14,0.0,-0.0,0.0
2023-08-15,0.0,-0.0,-0.0
2023-08-16,-0.0,0.0,0.0
2023-08-17,-0.0,-0.0,0.0
2023-08-18,-0.0,0.0,0.0
2023-08-21,0.0,-0.0,0.0
2023-08-22,-0.0,0.0,0.0
2023-08-23,0.0,0.0,-0.0
2023-08-24,0.0,-0.0,0.0
2023-08-25,-0.0,-0.0,-0.0
2023-08-28,0.0,0.0,0.0
2023-08-29,-0.0,-0.0,0.0
2023-08-30,0.0,0.0,-0.0
2023-08-31,0.0,0.0,0.0
2023-09-01,-0.0,-0.0,0.0
2023-09-05,0.0,0.0,-0.0
2023-09-06,-0.0,0.0,0.0
2023-09-07,-0.0,-0.0,-0.0
2023-09-08,-0.0,0.0,0.0
2023-09-11,0.0,0.0,0.0
2023-09-12,-0.0,-0.0,-0.0
2023-09-13,-0.0,0.0,-0.0
2023-09-14,-0.0,0.0,0.0
2023-09-15,0.0,-0.0,-0.0
2023-09-18,0.0,-0.0,-0.0
2023-09-19,0.0,-0.0,-0.0
2023-09-20,0.0,0.0,-0.0
2023-09-21,0.0,-0.0,-0.0
2023-09-22,-0.0,-0.0,0.0
2023-09-25,-0.0,-0.0,0.0
2023-09-26,0.0,0.0,-0.0
2023-09-27,-10.0,-0.0,0.0
2023-09-28,-148.6175773136189,0.0,0.0
2023-09-29,147.55991547550806,0.0,0.0
2023-10-02,-323.84340149823055,-0.0,-0.0
2023-10-03,-10.0,0.0,0.0
2023-10-04,2.88254646756414,0.0,0.0
2023-10-05,159.78442254596104,-10.0,-0.0
2023-10-06,193.0594409616937,-35.24015116732393,0.0
2023-10-09,54.523032370976665,55.38522600899043,0.0
2023-10-10,5.577078039431527,84.76212470028166,0.0
2023-10-11,147.9935553608147,-3.98361942904657,0.0
2023-10-12,-149.2710754124982,-5.822158812041067,-0.0
2023-10-13,-7.675404582787593,29.52017939708341,-0.0
2023-10-16,-25.635281786033914,0.0,0.0
2023-10-17,-101.33660897861162,0.0,0.0
2023-10-18,0.0,0.0,-0.0
2023-10-19,0.0,-0.0,0.0
2023-10-20,0.0,-0.0,-0.0
2023-10-23,0.0,0.0,-0.0
2023-10-24,-0.0,0.0,0.0
2023-10-25,-0.0,0.0,-0.0
2023-10-26,-0.0,-0.0,0.0
2023-10-27,0.0,-0.0,0.0
2023-10-30,0.0,0.0,-0.0
2023-10-31,-0.0,-0.0,-0.0
2023-11-01,-0.0,-0.0,-0.0
2023-11-02,-0.0,-0.0,0.0
2023-11-03,0.0,-0.0,0.0
2023-11-06,0.0,-0.0,-0.0
2023-11-07,0.0,0.0,-0.0
2023-11-08,0.0,-0.0,0.0
2023-11-09,0.0,0.0,0.0
2023-11-10,-0.0,-0.0,0.0
2023-11-13,0.0,-0.0,-0.0
2023-11-14,-0.0,0.0,0.0
2023-11-15,0.0,0.0,-0.0
2023-11-16,-0.0,-0.0,-0.0
2023-11-17,0.0,0.0,-0.0
2023-11-20,0.0,-0.0,-0.0
2023-11-21,0.0,0.0,-0.0
2023-11-22,0.0,0.0,-0.0
2023-11-24,0.0,-0.0,0.0
2023-11-27,-0.0,0.0,0.0
2023-11-28,0.0,0.0,0.0
2023-11-29,0.0,-0.0,0.0
2023-11-30,0.0,0.0,-0.0
2023-12-01,-0.0,0.0,0.0
2023-12-04,0.0,-0.0,-0.0
2023-12-05,0.0,-0.0,-0.0
2023-12-06,-0.0,-0.0,0.0
2023-12-07,0.0,0.0,0.0
2023-12-08,-0.0,-0.0,0.0
2023-12-11,0.0,0.0,0.0
2023-12-12,0.0,-0.0,0.0
2023-12-13,-0.0,0.0,-0.0
2023-12-14,0.0,-0.0,0.0
2023-12-15,0.0,0.0,-0.0
2023-12-18,0.0,0.0,-0.0
2023-12-19,-0.0,-0.0,-0.0
2023-12-20,0.0,-0.0,-0.0
2023-12-21,0.0,-0.0,0.0
2023-12-22,-0.0,0.0,0.0
2023-12-26,-0.0,0.0,0.0
2023-12-27,0.0,0.0,-0.0
2023-12-28,-0.0,-0.0,-0.0
2023-12-29,0.0,0.0,-0.0
2024-01-02,-0.0,-0.0,-0.0
2024-01-03,-0.0,-0.0,-0.0
2024-01-04,0.0,-0.0,0.0
2024-01-05,-0.0,0.0,0.0
2024-01-08,0.0,0.0,0.0
2024-01-09,0.0,0.0,-0.0
2024-01-10,-0.0,-0.0,0.0
2024-01-11,0.0,0.0,0.0
2024-01-12,-0.0,0.0,0.0
2024-01-16,0.0,-0.0,-0.0
2024-01-17,-10.0,0.0,-0.0
2024-01-18,-21.7691782258278,-0.0,0.0
2024-01-19,80.93230633419601,-0.0,0.0
2024-01-22,37.9814000900236,-0.0,0.0
2024-01-23,-23.062287738619958,0.0,0.0
2024-01-24,9.104230757843723,-0.0,-0.0
2024-01-25,124.48551860418155,0.0,0.0
2024-01-26,0.0,-0.0,-0.0
2024-01-29,-0.0,-0.0,-0.0
2024-01-30,0.0,0.0,0.0
2024-01-31,-0.0,-0.0,-0.0
2024-02-01,-0.0,0.0,0.0
2024-02-02,0.0,-0.0,-0.0
2024-02-05,-10.0,-0.0,-10.0
2024-02-06,82.23244347881575,-0.0,130.78202563234777
2024-02-07,55.325093843716644,0.0,48.98486734043473
2024-02-08,-36.11442340398341,0.0,-0.0
2024-02-09,128.24373665465293,-0.0,0.0
2024-02-12,-0.0,0.0,0.0
2024-02-13,0.0,-0.0,-0.0
2024-02-14,-0.0,-0.0,0.0
2024-02-15,-0.0,0.0,0.0
2024-02-16,0.0,0.0,-0.0
2024-02-20,0.0,0.0,-0.0
2024-02-21,-0.0,-0.0,0.0
2024-02-22,0.0,-0.0,-0.0
2024-02-23,-0.0,-0.0,-0.0
2024-02-26,0.0,0.0,-0.0
2024-02-27,-0.0,0.0,0.0
2024-02-28,-0.0,0.0,0.0
2024-02-29,0.0,0.0,0.0
2024-03-01,0.0,-0.0,-0.0
2024-03-04,-0.0,0.0,0.0
2024-03-05,0.0,0.0,-0.0
2024-03-06,-0.0,-0.0,-0.0
2024-03-07,0.0,-0.0,0.0
2024-03-08,-0.0,-0.0,-0.0
2024-03-11,0.0,0.0,0.0
2024-03-12,0.0,-0.0,-0.0
2024-03-13,-0.0,0.0,0.0
2024-03-14,0.0,-0.0,-0.0
2024-03-15,-0.0,0.0,0.0
2024-03-18,0.0,0.0,-0.0
2024-03-19,-0.0,-0.0,-0.0
2024-03-20,0.0,0.0,0.0
2024-03-21,0.0,-0.0,-0.0
2024-03-22,-0.0,-0.0,-0.0
2024-03-25,-0.0,-0.0,0.0
2024-03-26,0.0,-0.0,-0.0
2024-03-27,-0.0,0.0,0.0
2024-03-28,-0.0,0.0,0.0
2024-04-01,0.0,-0.0,0.0
2024-04-02,-0.0,0.0,0.0
2024-04-03,-0.0,-0.0,0.0
2024-04-04,0.0,0.0,-0.0
2024-04-05,0.0,-0.0,-0.0
2024-04-08,-0.0,0.0,0.0
2024-04-09,0.0,0.0,-0.0
2024-04-10,0.0,0.0,-0.0
2024-04-11,-0.0,-0.0,0.0
2024-04-12,-0.0,0.0,-0.0
2024-04-15,0.0,-0.0,-0.0
2024-04-16,0.0,-0.0,-0.0
2024-04-17,-0.0,0.0,0.0
2024-04-18,-0.0,0.0,0.0
2024-04-19,-0.0,0.0,-0.0
2024-04-22,0.0,0.0,-0.0
2024-04-23,0.0,-0.0,-0.0
2024-04-24,0.0,0.0,0.0
2024-04-25,-0.0,-0.0,0.0
2024-04-26,0.0,-0.0,0.0
2024-04-29,-0.0,-0.0,0.0
2024-04-30,0.0,-0.0,-0.0
2024-05-01,-0.0,-0.0,0.0
2024-05-02,0.0,0.0,-0.0
2024-05-03,-0.0,-0.0,0.0
2024-05-06,-0.0,-0.0,0.0
2024-05-07,0.0,0.0,0.0
2024-05-08,-0.0,-0.0,-0.0
2024-05-09,-0.0,0.0,0.0
2024-05-10,0.0,0.0,-0.0
2024-05-13,0.0,-0.0,-0.0
2024-05-14,-0.0,-0.0,-0.0
2024-05-15,-0.0,-0.0,-0.0
2024-05-16,0.0,0.0,-0.0
2024-05-17,-0.0,-0.0,0.0
2024-05-20,-0.0,-0.0,0.0
2024-05-21,-0.0,0.0,-0.0
2024-05-22,0.0,-0.0,-0.0
2024-05-23,0.0,-0.0,0.0
2024-05-24,-0.0,0.0,0.0
2024-05-28,-0.0,0.0,0.0
2024-05-29,0.0,-0.0,-0.0
2024-05-30,-0.0,0.0,0.0
2024-05-31,-0.0,0.0,-0.0
2024-06-03,0.0,-0.0,-0.0
2024-06-04,0.0,0.0,-0.0
2024-06-05,0.0,-0.0,0.0
2024-06-06,0.0,0.0,0.0
2024-06-07,0.0,-0.0,-0.0
2024-06-10,-0.0,-0.0,0.0
2024-06-11,0.0,0.0,0.0
2024-06-12,-0.0,-0.0,0.0
2024-06-13,-0.0,0.0,0.0
2024-06-14,0.0,0.0,-0.0
2024-06-17,0.0,0.0,0.0
2024-06-18,-0.0,-0.0,-0.0
2024-06-20,-0.0,-0.0,-0.0
2024-06-21,0.0,-0.0,-0.0
2024-06-24,-0.0,0.0,0.0
2024-06-25,0.0,-0.0,-0.0
2024-06-26,0.0,0.0,0.0
2024-06-27,-0.0,-0.0,0.0
2024-06-28,0.0,-0.0,0.0
2024-07-01,-0.0,-0.0,-0.0
2024-07-02,-0.0,0.0,0.0
2024-07-03,-0.0,0.0,0.0
2024-07-05,0.0,0.0,-0.0
2024-07-08,-0.0,-0.0,0.0
2024-07-09,-0.0,-0.0,-0.0
2024-07-10,-0.0,-0.0,0.0
2024-07-11,-10.0,-0.0,0.0
2024-07-12,37.72142467824757,0.0,0.0
2024-07-15,220.27697640200628,0.0,-0.0
2024-07-16,-0.0,0.0,0.0
2024-07-17,0.0,0.0,-0.0
2024-07-18,-0.0,0.0,0.0
2024-07-19,-0.0,-0.0,-0.0
2024-07-22,-0.0,-0.0,0.0
2024-07-23,0.0,-0.0,0.0
2024-07-24,-0.0,-0.0,-0.0
2024-07-25,0.0,0.0,0.0
2024-07-26,-0.0,0.0,0.0
2024-07-29,-0.0,-0.0,-0.0
2024-07-30,-0.0,-0.0,-0.0
2024-07-31,-0.0,0.0,0.0
2024-08-01,-10.0,0.0,-0.0
2024-08-02,118.82445482415349,0.0,-0.0
2024-08-05,114.9080129676372,-0.0,0.0
2024-08-06,-0.0,-0.0,0.0
2024-08-07,-0.0,0.0,-0.0
2024-08-08,0.0,-0.0,0.0
2024-08-09,-0.0,-0.0,-0.0
2024-08-12,-0.0,-0.0,0.0
2024-08-13,-0.0,-0.0,0.0
2024-08-14,0.0,0.0,-0.0
2024-08-15,0.0,0.0,0.0
2024-08-16,-0.0,0.0,-0.0
2024-08-19,-0.0,-0.0,-0.0
2024-08-20,0.0,0.0,-0.0
2024-08-21,-0.0,0.0,0.0
2024-08-22,-0.0,-0.0,-0.0
2024-08-23,-0.0,-0.0,0.0
2024-08-26,-0.0,0.0,0.0
2024-08-27,0.0,-0.0,-0.0
2024-08-28,-0.0,-0.0,-0.0
2024-08-29,-0.0,-0.0,0.0
2024-08-30,0.0,0.0,0.0
2024-09-03,0.0,0.0,-0.0
2024-09-04,-0.0,0.0,0.0
2024-09-05,0.0,0.0,0.0
2024-09-06,0.0,-0.0,-0.0
2024-09-09,-0.0,-0.0,0.0
2024-09-10,-0.0,-0.0,-0.0
2024-09-11,-0.0,-0.0,0.0
2024-09-12,0.0,0.0,0.0
2024-09-13,-0.0,0.0,0.0
2024-09-16,-0.0,-0.0,-0.0
2024-09-17,-0.0,-0.0,0.0
2024-09-18,0.0,-0.0,-0.0
2024-09-19,0.0,-0.0,0.0
2024-09-20,-0.0,0.0,-0.0
2024-09-23,0.0,0.0,0.0
2024-09-24,0.0,-0.0,0.0
2024-09-25,-0.0,0.0,-0.0
2024-09-26,0.0,-0.0,0.0
2024-09-27,-0.0,0.0,-0.0
2024-09-30,-0.0,-0.0,-0.0
2024-10-01,-0.0,0.0,0.0
2024-10-02,-0.0,-0.0,-0.0
2024-10-03,-0.0,0.0,-0.0
2024-10-04,0.0,0.0,0.0
2024-10-07,0.0,-0.0,0.0
2024-10-08,0.0,0.0,-0.0
2024-10-09,0.0,-0.0,0.0
2024-10-10,-0.0,0.0,0.0
2024-10-11,-0.0,0.0,0.0
2024-10-14,-0.0,0.0,0.0
2024-10-15,0.0,0.0,0.0
2024-10-16,-0.0,-0.0,0.0
2024-10-17,0.0,-0.0,0.0
2024-10-18,-0.0,-0.0,-0.0
2024-10-21,0.0,0.0,-0.0
2024-10-22,0.0,0.0,-0.0
2024-10-23,-0.0,-0.0,0.0
2024-10-24,0.0,0.0,-0.0
2024-10-25,0.0,-0.0,0.0
2024-10-28,-0.0,-0.0,0.0
2024-10-29,0.0,-0.0,-0.0
2024-10-30,-0.0,0.0,0.0
2024-10-31,-0.0,0.0,-0.0
2024-11-01,0.0,-0.0,-0.0
2024-11-04,-10.0,0.0,0.0
2024-11-05,150.2273833833101,-0.0,-0.0
2024-11-06,42.13261088895749,-0.0,0.0
2024-11-07,0.0,0.0,-0.0
2024-11-08,-0.0,0.0,-0.0
2024-11-11,-0.0,0.0,0.0
2024-11-12,0.0,0.0,-0.0
2024-11-13,0.0,-0.0,0.0
2024-11-14,-0.0,-10.0,0.0
2024-11-15,-0.0,0.30148952495423487,0.0
2024-11-18,0.0,7.76391111568131,0.0
2024-11-19,-0.0,7.529111270425659,-0.0
2024-11-20,0.0,135.8057317635719,-0.0
2024-11-21,-0.0,-44.35265917646646,0.0
2024-11-22,0.0,0.0,0.0
2024-11-25,0.0,-0.0,-0.0
2024-11-26,-0.0,-0.0,-0.0
2024-11-27,0.0,-0.0,-0.0
2024-11-29,0.0,0.0,0.0
2024-12-02,0.0,-0.0,0.0
2024-12-03,-0.0,-0.0,-0.0
2024-12-04,-0.0,-0.0,-0.0
2024-12-05,-0.0,0.0,-0.0
2024-12-06,0.0,-0.0,0.0
2024-12-09,0.0,-0.0,-0.0
2024-12-10,0.0,0.0,-0.0
2024-12-11,-0.0,0.0,0.0
2024-12-12,-0.0,0.0,-0.0
2024-12-13,-0.0,-0.0,-0.0
2024-12-16,0.0,0.0,0.0
2024-12-17,-0.0,-0.0,-0.0
2024-12-18,0.0,-0.0,-0.0
2024-12-19,-0.0,-0.0,0.0
